Top6B_SACSH;Top6B_METMA;Top6B_HALMA;Top6A_SACSH;Top6A_METMA
530;621;796;389;369
530;621;796;389;369
530;621;796;389;369
530;621;795;389;369
530;621;796;389;369
471;621;796;389;369
469;621;796;389;369
472;621;796;386;369
469;611;796;386;369
531;621;796;386;369
527;621;796;386;369
534;621;796;386;369
532;621;796;386;369
532;621;796;386;373
529;621;796;385;369
531;621;795;386;393
527;621;796;386;369
531;621;811;387;373
527;621;811;386;373
531;621;812;389;369
529;621;807;386;369
527;621;809;387;369
528;621;808;386;369
527;621;807;386;369
531;621;807;388;372
532;621;793;386;369
530;621;793;389;373
532;621;795;389;373
527;621;806;389;373
526;622;795;387;373
523;620;795;352;371
523;622;795;388;373
526;620;800;388;370
530;622;810;392;367
529;622;800;385;367
524;620;807;387;369
529;622;798;387;367
529;620;811;387;367
532;620;807;385;369
530;622;800;387;367
530;622;800;388;367
548;621;807;387;369
537;617;806;385;369
547;617;797;390;369
555;617;806;387;373
534;617;806;388;357
535;617;798;389;360
536;617;802;389;360
528;617;814;389;360
548;621;821;385;360
532;616;830;381;360
568;529;815;386;377
523;621;820;431;375
529;616;822;389;369
523;616;826;430;369
530;621;820;392;400
519;615;806;433;367
568;589;815;439;362
529;600;814;445;357
531;625;820;434;361
531;613;820;434;361
534;611;819;434;362
556;611;827;433;362
556;611;806;433;363
554;611;820;433;321
549;627;825;380;362
372;611;821;387;362
556;611;808;453;362
556;611;821;450;360
556;537;806;455;362
556;619;799;370;365
552;652;816;370;369
556;652;812;370;361
536;622;802;379;365
553;628;839;369;359
537;622;825;381;363
527;646;820;373;362
528;642;793;369;363
561;642;814;369;357
527;606;816;369;362
527;646;826;373;362
525;605;813;377;364
539;597;820;369;362
533;643;820;381;364
574;645;818;371;364
533;624;814;369;366
533;612;818;379;360
526;592;824;379;363
536;624;823;370;365
530;605;818;376;370
529;663;818;369;363
526;681;820;367;366
513;680;813;373;366
561;646;807;369;363
516;641;812;369;366
528;535;821;369;366
527;642;820;368;351
527;639;833;367;372
528;643;802;367;361
509;664;818;369;362
528;642;817;367;366
510;641;806;367;363
526;702;815;374;362
526;641;801;370;362
526;631;826;377;364
475;644;824;367;366
525;541;789;367;362
528;508;821;367;363
525;590;822;367;363
522;644;833;368;360
527;629;816;877;364
523;574;800;369;363
528;595;819;367;364
512;629;826;357;363
527;664;824;367;364
527;602;819;367;363
523;639;802;366;363
528;664;821;367;380
528;547;827;340;366
519;645;797;384;357
513;672;829;236;365
520;601;800;360;362
514;666;814;373;362
518;599;824;293;367
523;577;822;275;366
505;658;820;359;363
516;554;824;369;368
522;591;790;376;366
518;642;820;369;367
505;555;820;365;362
518;599;824;293;363
521;664;805;376;367
506;556;827;376;364
516;660;789;359;364
516;665;798;375;362
506;565;825;367;363
504;599;818;367;363
511;601;847;362;367
525;357;798;373;363
511;624;820;362;362
507;563;820;347;366
506;600;826;373;363
444;600;841;275;363
529;603;790;364;362
512;480;802;361;363
607;624;797;361;363
516;606;823;366;363
517;567;798;367;363
516;600;806;365;363
510;600;823;364;363
516;593;822;359;363
507;600;817;374;363
505;596;838;359;364
505;600;823;363;371
508;600;828;363;366
505;581;819;361;364
480;566;828;357;371
505;600;825;364;367
521;600;822;369;363
600;600;823;361;364
506;600;823;361;363
525;541;813;359;364
520;600;827;381;362
505;662;797;359;365
513;600;812;365;360
542;644;806;361;363
525;600;803;362;367
607;584;815;359;362
508;600;826;381;362
600;603;815;359;366
515;600;797;359;364
524;568;802;381;375
515;611;789;361;363
508;619;798;368;364
508;607;798;367;363
541;488;820;386;363
508;600;823;386;363
607;600;788;359;362
508;695;800;359;370
520;526;798;359;357
508;609;824;385;367
515;576;800;367;364
515;550;798;253;366
527;682;798;358;362
516;600;811;381;370
599;600;812;361;380
528;696;821;366;363
519;579;821;386;366
520;600;798;734;366
514;685;828;385;363
530;600;798;362;364
535;685;798;365;363
505;616;812;386;366
527;549;805;386;363
535;694;798;385;360
600;998;1371;386;363
516;666;790;385;369
527;547;798;386;360
526;544;798;381;364
509;1185;798;381;364
417;695;798;381;366
509;565;798;381;362
511;422;798;381;369
498;534;798;386;366
484;600;805;383;364
511;681;798;381;364
511;557;798;369;363
542;694;817;376;364
611;684;798;385;366
453;675;825;386;364
528;531;798;384;363
452;600;825;369;363
484;578;802;386;366
527;700;800;386;363
611;673;802;386;361
523;539;825;386;360
601;556;805;386;367
514;587;798;386;368
547;543;809;381;370
547;524;825;381;359
611;583;798;385;361
547;707;816;366;363
514;688;798;365;371
520;1062;802;381;366
525;645;812;382;366
527;570;809;364;365
471;691;814;386;370
507;676;803;382;365
528;598;810;386;372
373;572;810;381;366
555;533;810;382;366
437;647;820;380;361
618;645;790;382;366
512;536;820;382;366
512;672;815;382;366
517;714;822;366;366
519;714;810;376;366
533;690;812;366;360
505;566;801;250;370
565;705;793;387;366
511;696;839;382;364
527;699;812;365;364
504;688;812;384;361
574;567;1374;381;366
630;715;799;365;366
612;716;800;389;357
629;700;802;372;362
522;705;799;382;363
513;690;795;382;363
629;656;795;382;366
504;652;809;369;358
507;742;816;365;361
592;557;830;365;366
514;699;1361;372;366
455;698;1378;372;366
379;699;696;370;351
526;689;829;376;363
540;700;822;372;362
551;701;1372;366;367
499;699;804;370;361
658;707;1339;376;363
531;502;728;376;361
606;535;1392;377;364
535;686;1260;360;367
597;686;1392;233;366
348;697;1361;360;412
551;695;1368;378;362
605;667;1380;377;364
628;530;1377;368;363
600;703;1369;405;365
505;691;1369;380;363
531;617;716;425;370
563;691;677;368;362
513;692;1383;357;362
596;705;1392;366;365
554;691;1366;415;363
567;694;1957;368;363
642;689;1841;372;363
642;694;1366;395;363
514;681;1353;312;363
547;528;1378;354;361
524;546;1385;368;366
563;739;1367;356;372
601;689;676;368;365
530;739;643;364;381
584;705;1330;364;357
501;730;615;427;357
501;480;1279;384;354
622;686;1364;238;363
707;638;1295;373;364
602;685;1304;198;361
619;547;1304;368;363
605;525;1152;301;364
646;605;1188;531;370
556;561;561;400;360
433;638;786;356;370
536;694;538;369;366
645;531;539;283;364
583;530;477;287;365
535;535;539;356;361
547;559;492;740;370
502;687;433;721;363
600;690;433;356;370
642;621;325;469;361
541;502;355;719;361
508;478;318;743;370
600;694;267;708;368
646;691;263;363;361
600;577;243;714;362
478;695;225;714;372
547;508;214;356;361
624;705;622;362;366
600;695;615;365;368
600;707;616;269;368
524;693;621;412;361
595;513;537;738;368
570;657;488;360;361
547;732;621;366;368
556;748;621;161;363
572;559;616;360;370
600;540;622;366;364
600;551;589;359;368
646;506;620;353;368
619;726;621;366;361
544;479;621;353;361
599;506;613;352;361
664;403;621;353;368
502;498;621;478;361
600;629;621;369;368
642;466;621;351;362
643;551;621;351;368
565;750;621;353;361
567;634;621;353;361
557;750;622;351;370
600;524;622;353;361
590;677;621;353;369
480;547;621;367;362
600;491;621;352;363
503;351;621;363;373
503;712;621;362;364
660;716;621;363;361
663;545;621;367;361
504;614;621;363;340
563;653;621;363;363
681;753;621;363;361
621;614;621;363;368
498;735;357;353;361
506;709;621;363;367
1111;508;616;368;361
593;614;621;367;365
1118;366;621;363;361
613;631;480;367;365
680;530;621;368;361
562;563;620;368;368
581;649;621;469;362
645;589;620;381;363
644;579;622;360;361
562;579;535;366;361
621;531;622;350;370
621;430;620;351;363
664;412;620;366;362
550;602;541;363;361
557;528;529;368;350
998;508;617;363;357
566;580;617;365;361
579;567;617;365;362
562;580;617;370;361
652;958;622;367;367
521;485;622;368;361
652;590;619;368;286
620;518;617;365;361
621;357;617;363;363
644;367;621;352;363
724;1030;621;363;350
480;385;547;363;363
672;522;621;364;356
625;529;656;363;363
621;513;625;363;371
564;550;581;367;361
564;543;628;363;366
564;360;617;366;368
639;524;555;360;361
481;564;603;368;362
561;526;366;360;362
564;316;621;362;362
642;600;611;370;367
350;552;422;365;363
621;524;600;368;363
560;564;606;363;363
621;562;611;362;325
631;543;272;365;371
566;521;541;368;341
621;564;599;364;370
702;564;576;363;365
621;532;566;368;363
523;543;599;365;365
543;536;612;370;366
533;560;574;365;360
488;562;611;370;365
576;564;605;366;366
508;562;600;367;365
560;531;611;363;365
607;566;611;364;361
621;561;549;363;364
480;564;554;367;365
641;562;611;369;365
600;536;547;363;363
537;578;627;363;367
566;563;563;354;359
624;560;577;369;365
565;532;600;408;364
641;565;592;368;361
528;565;533;363;365
621;566;567;364;368
567;564;600;366;336
621;564;611;470;360
621;563;642;365;375
567;551;316;369;374
639;607;600;361;363
550;567;600;363;367
621;531;600;363;361
621;562;642;419;365
641;385;600;350;365
617;607;600;364;386
665;570;611;369;362
600;553;351;363;360
564;520;600;366;360
621;607;600;357;365
531;566;600;370;367
611;520;565;363;357
621;569;680;361;337
621;312;550;363;360
621;557;646;364;360
621;599;600;360;365
621;536;624;380;366
675;563;543;370;362
621;519;598;367;362
621;553;663;363;316
609;551;526;375;346
567;570;508;364;360
621;524;556;365;362
600;513;609;366;359
563;611;578;361;366
622;600;681;351;331
564;570;600;363;363
524;611;600;361;366
565;526;600;368;366
621;567;656;366;362
506;554;556;366;369
624;562;616;365;360
600;527;660;363;361
564;567;600;369;360
611;567;603;360;360
621;517;539;363;310
601;518;605;363;362
666;512;600;363;364
624;523;645;368;362
673;564;606;366;362
606;520;600;358;367
621;993;607;370;284
603;551;624;363;362
535;553;656;361;366
551;547;707;363;356
664;507;664;366;365
580;518;599;363;366
553;529;565;365;365
591;508;597;369;359
569;527;631;524;367
577;518;619;362;352
627;455;544;364;365
600;523;600;367;368
621;554;602;373;365
350;535;641;363;365
530;611;312;356;366
621;304;596;364;365
621;535;600;363;366
611;509;652;363;366
622;565;206;361;365
547;600;652;369;365
3505;811;998;365;364
543;547;367;365;365
685;480;257;365;364
523;568;357;366;365
600;523;600;363;362
567;529;644;362;364
664;825;641;363;365
685;557;641;369;369
647;819;557;365;346
543;565;639;353;366
611;530;591;364;364
622;506;642;351;364
449;508;644;364;365
1030;508;656;367;361
620;618;660;364;361
622;524;584;371;366
599;526;622;363;366
672;548;601;351;365
520;517;686;363;362
548;552;656;366;365
486;526;646;353;366
547;523;579;366;362
611;569;702;366;366
599;529;646;365;369
580;521;639;353;366
543;568;664;363;366
578;508;528;360;366
620;523;656;364;366
600;563;600;353;369
688;417;600;341;361
552;529;629;369;366
682;505;629;369;369
611;505;593;365;365
611;511;656;353;365
620;526;643;369;366
611;521;590;358;333
611;821;570;356;369
557;505;611;357;369
530;824;601;370;365
600;510;643;368;251
566;822;595;363;294
620;827;557;366;368
513;529;642;356;370
563;816;251;372;368
621;823;583;363;368
541;824;530;364;368
539;519;644;372;368
534;825;524;362;299
616;826;572;363;366
590;826;664;363;368
521;823;480;359;346
566;827;645;356;366
554;369;536;365;368
622;519;535;356;368
557;820;624;362;348
622;568;624;365;348
622;529;600;369;366
569;516;666;366;371
521;825;642;369;368
523;505;662;363;368
524;563;672;363;368
688;841;658;364;212
523;564;673;359;370
518;824;664;366;334
564;827;403;362;238
521;839;478;361;269
524;523;681;365;245
523;823;535;372;231
526;822;531;368;192
524;824;547;367;244
549;820;665;366;353
554;824;360;364;232
603;514;1062;364;352
621;696;304;365;148
460;817;369;356;353
551;820;524;362;356
521;847;530;362;356
615;829;502;363;353
666;520;684;361;364
541;812;547;363;353
564;825;666;361;354
563;824;682;362;353
526;601;685;364;356
524;823;508;363;365
617;795;685;362;365
617;826;675;364;353
622;793;506;363;364
523;795;498;363;353
617;798;385;353;358
564;826;699;352;353
662;824;551;366;351
422;818;342;366;208
521;811;540;364;364
705;797;551;361;353
621;806;286;356;356
1194;523;335;366;363
643;521;676;360;352
563;820;656;361;358
593;812;645;361;366
570;828;430;400;369
593;821;695;361;366
568;532;699;403;359
526;795;513;361;352
3334;537;458;351;351
479;521;525;364;351
600;822;699;366;367
562;508;695;361;350
617;821;261;357;363
531;798;385;364;365
617;508;694;361;351
598;821;412;364;207
617;516;707;360;360
524;811;546;363;366
537;521;563;371;351
600;797;699;361;356
616;508;694;545;186
589;514;466;361;352
545;795;695;361;360
600;815;652;363;360
521;809;506;357;351
616;812;691;362;350
658;800;130;361;362
567;828;614;367;360
616;820;705;366;366
667;833;1185;358;356
529;820;696;370;356
570;820;705;366;365
566;820;352;364;369
617;820;742;366;357
562;823;614;356;235
614;504;694;357;369
600;807;614;361;191
570;820;638;354;356
567;823;645;354;369
634;816;530;370;365
614;518;579;364;369
614;798;579;356;356
557;527;491;366;357
600;325;694;361;369
697;599;810;366;369
638;798;705;368;356
681;798;455;366;369
523;593;812;368;360
524;593;812;356;356
525;521;812;367;371
506;814;694;366;369
555;540;688;366;346
558;797;567;361;351
553;561;748;363;346
562;817;698;364;356
555;815;688;361;356
689;797;686;366;360
694;548;691;332;360
522;815;696;332;279
629;807;689;367;365
579;527;686;362;363
705;798;686;363;365
705;798;714;370;362
660;820;689;366;365
544;567;700;366;301
742;820;617;363;365
538;820;714;363;167
547;544;700;363;400
508;807;667;364;403
662;818;716;366;362
555;813;730;368;365
541;813;697;371;371
638;520;690;362;363
566;798;707;366;365
579;798;531;363;362
546;798;502;361;245
521;827;638;362;365
566;798;681;363;353
518;798;701;364;408
567;798;689;363;365
567;798;647;357;419
491;798;715;371;367
551;600;691;370;366
571;816;325;370;366
566;798;705;365;349
538;819;703;363;362
566;820;672;372;373
541;509;685;370;364
645;505;568;363;360
599;267;687;370;362
518;818;691;332;357
540;812;690;363;370
536;798;692;366;344
686;798;691;366;368
664;810;417;364;360
566;798;634;363;361
645;798;534;371;360
696;833;695;362;368
526;798;695;366;365
602;830;705;367;331
686;798;531;364;342
524;621;694;362;354
587;798;200;362;353
558;806;739;364;366
558;806;739;364;364
553;810;545;370;354
652;810;566;339;363
598;807;337;362;362
681;821;567;374;339
598;537;243;364;350
366;828;690;363;372
691;800;485;370;359
568;558;605;362;353
517;518;629;370;364
638;808;700;370;332
599;789;580;362;363
649;822;508;367;362
685;812;559;339;332
593;797;561;363;361
594;819;580;373;364
589;798;528;372;353
578;542;171;363;371
695;524;559;359;362
156;547;587;363;363
568;521;401;364;359
598;810;621;365;375
691;807;479;366;156
577;523;577;364;364
377;806;488;365;375
637;818;551;350;362
694;532;589;370;332
644;820;653;360;359
574;821;602;350;369
569;401;677;366;546
676;798;340;376;350
653;818;732;363;332
667;527;166;364;363
604;518;750;369;358
684;524;712;325;363
695;818;709;366;323
544;820;446;364;364
360;593;550;370;369
686;826;716;363;373
748;507;508;362;353
567;826;693;370;365
286;594;167;370;369
695;817;750;336;362
573;525;726;361;372
559;484;545;360;360
544;555;753;332;364
649;821;958;364;342
600;547;618;362;363
657;819;424;365;367
705;838;565;363;363
564;816;518;366;332
709;793;526;239;186
690;800;735;362;359
689;541;649;546;370
466;789;578;364;363
519;528;543;362;360
707;566;303;362;323
703;812;543;360;371
695;798;562;368;359
715;516;561;366;323
395;555;564;363;199
701;820;562;368;368
694;553;566;372;358
700;527;562;369;198
714;807;564;588;362
714;788;564;362;364
567;524;403;364;361
567;524;513;371;205
566;523;560;362;239
665;809;543;357;363
352;790;556;369;363
2403;503;657;370;359
567;549;560;365;323
534;806;570;366;369
681;527;563;369;359
694;503;564;368;341
2319;566;541;362;350
534;567;562;363;362
690;526;658;369;363
700;518;552;362;365
691;798;570;323;350
696;541;570;365;366
690;522;656;356;363
566;530;569;372;339
739;820;540;367;367
739;796;564;367;365
600;806;567;363;356
541;793;993;360;370
561;535;562;366;370
691;505;566;368;370
484;814;897;370;365
691;814;564;368;361
692;811;541;361;364
716;527;567;361;360
694;523;430;349;372
695;809;568;372;370
687;574;536;367;370
694;814;658;361;356
508;821;564;372;323
551;484;566;368;367
567;555;563;375;370
700;812;565;361;370
567;815;567;370;363
699;814;563;374;365
698;808;564;361;368
567;551;564;359;364
532;516;565;361;370
559;541;631;363;365
656;538;590;361;365
543;796;553;386;361
689;796;567;362;372
528;538;530;361;364
699;796;683;365;356
993;822;564;369;359
707;806;532;357;369
542;796;562;365;350
556;796;1569;342;363
631;796;543;368;365
518;796;600;367;370
699;815;657;368;368
556;796;320;377;363
699;822;537;374;368
518;795;1030;331;359
730;534;553;365;372
546;519;380;365;361
562;813;563;362;369
726;823;290;361;374
605;577;311;375;366
732;796;569;357;367
305;471;272;373;372
693;796;531;279;359
286;796;529;361;372
712;513;531;362;374
567;796;355;365;372
958;796;522;362;364
716;527;552;373;361
357;897;509;366;342
586;796;510;362;346
567;520;365;362;369
621;541;557;251;361
547;815;529;367;367
577;812;529;373;382
542;620;529;362;382
620;790;664;364;373
474;649;567;362;365
750;801;547;361;376
567;799;568;361;367
750;567;568;361;382
677;567;541;361;373
412;825;504;367;367
475;825;527;373;382
705;795;524;369;374
290;547;541;361;365
612;547;538;323;361
567;547;548;363;369
1185;825;535;360;365
735;812;516;362;365
753;806;453;187;332
610;525;132;366;365
242;561;664;365;373
613;812;664;350;227
663;558;558;368;380
276;534;530;367;365
306;800;670;346;368
622;548;664;342;382
485;556;402;364;368
1062;554;529;365;382
475;521;530;323;311
264;568;664;374;365
613;553;556;365;367
613;530;530;374;376
435;527;526;365;365
613;541;563;364;367
544;557;530;373;366
611;558;553;346;362
610;789;524;374;367
357;566;555;363;381
613;523;664;361;339
617;571;523;367;376
638;453;304;363;368
304;530;534;361;368
638;556;523;372;368
612;566;534;367;374
612;566;328;363;374
320;556;565;362;382
612;790;593;363;372
367;790;593;362;368
613;530;544;365;376
613;512;523;365;382
610;598;532;362;374
612;793;556;363;365
612;566;525;357;365
612;524;520;371;383
622;556;547;366;382
328;511;556;342;381
623;566;547;332;374
638;598;527;359;359
612;807;555;350;368
618;526;662;364;369
612;825;564;371;366
617;523;519;366;347
627;810;556;365;312
351;511;554;361;376
612;522;532;366;372
612;798;509;361;282
622;511;484;373;365
638;511;507;301;381
612;556;286;365;381
312;799;532;346;378
642;809;544;365;381
627;528;666;361;283
515;530;574;365;386
626;484;503;361;381
612;814;549;360;362
628;556;503;364;310
612;556;484;367;359
627;806;534;365;381
624;516;523;362;368
304;516;526;365;381
621;531;556;366;381
626;530;569;366;365
655;530;527;364;365
385;534;517;368;386
612;802;527;366;385
621;516;556;365;386
627;528;350;357;381
897;599;529;365;359
624;530;531;368;386
624;545;544;367;385
311;530;518;365;386
612;566;518;369;386
626;488;601;365;381
624;532;518;374;381
601;800;542;365;381
592;524;573;368;386
369;531;534;365;283
624;528;516;369;381
297;525;536;368;385
624;544;283;369;381
624;506;174;365;361
624;556;525;366;385
232;561;527;400;193
403;469;607;364;364
183;471;527;368;379
1569;801;553;366;365
152;492;435;350;364
430;531;658;365;359
457;555;484;366;384
351;251;348;366;357
455;530;611;369;310
263;506;531;367;385
316;802;345;360;361
640;521;527;366;376
1141;523;527;373;367
402;527;611;371;130
565;527;611;339;381
553;539;536;365;386
200;567;531;365;301
251;527;611;368;386
391;604;529;331;376
565;800;508;365;382
303;527;508;359;386
401;531;532;364;384
208;806;520;365;367
786;800;508;360;386
323;800;511;373;386
417;803;630;369;292
551;839;566;362;386
801;513;471;367;387
337;802;548;369;386
385;525;556;369;360
224;795;508;361;283
403;437;508;369;386
795;525;521;366;367
809;532;506;366;358
797;598;532;365;306
798;795;525;365;360
795;519;506;365;386
795;523;505;365;385
811;802;529;365;359
824;569;516;373;376
800;515;528;360;375
1117;526;532;363;376
325;469;417;360;386
797;515;519;375;361
809;510;607;348;369
800;527;455;364;367
806;472;528;365;369
802;802;359;357;370
797;525;607;367;312
814;528;612;366;381
184;532;506;367;377
838;506;513;375;379
828;506;520;362;298
817;800;551;369;373
820;546;574;346;373
818;243;516;323;369
811;562;505;365;369
825;527;527;364;370
823;542;516;366;373
214;533;556;360;389
797;528;286;374;385
696;528;514;354;370
812;530;516;369;367
814;528;529;365;384
841;504;527;367;373
618;514;554;367;354
812;527;511;364;376
814;526;475;366;366
827;564;612;360;371
815;542;612;360;369
795;352;505;369;174
185;804;530;360;365
804;800;599;362;388
795;526;511;366;369
821;499;542;362;388
818;567;527;370;385
822;528;531;363;365
790;537;522;365;370
847;529;642;362;369
812;527;505;380;385
795;567;513;360;366
561;802;638;348;377
286;803;505;367;368
814;567;613;310;369
793;526;518;312;369
822;516;524;310;367
789;574;527;369;362
816;512;612;361;368
819;527;527;365;367
826;515;527;363;366
818;802;612;366;104
806;513;514;371;367
826;527;554;362;277
820;514;528;323;357
820;531;525;362;388
808;509;143;361;392
820;525;638;362;369
828;567;561;358;367
820;511;551;350;373
818;515;534;360;387
798;567;567;365;378
820;539;567;370;367
798;512;480;292;369
820;475;541;298;386
826;531;567;360;387
820;544;612;365;362
839;805;561;365;387
819;536;531;378;367
815;533;530;369;369
806;325;530;344;389
812;816;526;366;385
823;533;621;370;389
821;474;600;359;389
821;263;508;294;386
793;533;518;351;370
798;573;546;365;370
797;802;542;363;373
813;433;530;346;363
822;830;523;360;88
830;507;567;372;374
813;802;562;366;367
816;805;612;360;374
823;802;523;370;369
811;805;621;368;387
822;805;506;356;224
827;529;516;364;367
816;829;612;368;369
811;551;547;356;369
827;822;612;369;367
807;567;528;362;388
825;786;505;371;367
798;534;530;357;121
817;534;623;321;369
799;567;471;350;377
820;547;547;346;387
820;543;547;364;367
820;318;547;369;386
825;618;469;373;387
822;526;600;369;379
807;528;567;366;381
809;542;547;361;387
823;1569;525;360;367
823;567;528;363;386
819;337;557;369;392
177;528;649;369;293
824;528;612;393;388
820;516;613;360;368
824;528;521;362;269
800;615;548;360;367
815;1385;516;369;387
812;522;525;369;389
823;728;527;369;386
819;225;512;341;385
825;320;528;364;389
825;475;567;360;368
806;328;612;369;390
825;477;514;368;389
812;523;527;366;373
798;567;567;368;389
826;538;612;362;107
824;517;610;365;370
815;417;527;373;372
820;475;567;365;415
825;257;530;362;293
802;1374;617;366;357
808;505;264;240;386
817;799;567;368;386
801;1304;527;362;386
307;433;618;369;287
821;514;528;373;389
821;303;469;366;387
800;677;136;360;368
820;514;472;369;368
788;286;528;373;340
815;1330;526;361;368
812;505;523;369;365
458;1304;612;361;386
812;1841;521;369;91
807;1369;526;369;386
793;1957;613;368;250
820;1369;373;369;369
829;539;507;362;368
800;1353;475;362;371
833;505;307;352;386
821;403;511;368;386
814;1295;519;367;367
793;486;524;368;384
798;355;612;334;368
828;458;610;210;386
807;1378;613;332;235
827;1188;140;369;386
789;505;518;361;238
813;307;612;369;104
820;1371;613;369;365
839;455;154;369;366
806;311;612;367;254
800;444;528;340;365
816;1366;567;362;366
823;1366;513;362;386
545;200;276;316;371
815;350;530;366;365
806;1368;523;369;368
806;556;551;333;197
820;342;498;360;445
818;810;520;360;389
825;1152;528;369;377
822;812;610;306;387
803;1392;506;362;380
824;643;228;365;380
809;812;516;362;199
812;1392;519;368;434
806;1361;511;283;389
820;812;526;337;366
807;1378;521;299;439
822;335;527;284;280
803;1260;528;192;389
818;1118;528;310;369
824;1111;528;154;389
789;498;350;154;389
800;1364;613;230;389
802;504;613;362;364
790;1392;520;154;271
258;1279;622;280;389
798;1372;526;283;230
824;1339;527;154;433
800;449;136;154;369
824;1383;533;154;352
795;214;535;154;433
790;402;535;154;433
812;460;519;286;405
146;1377;523;254;434
799;1380;638;154;395
798;340;520;362;430
798;452;638;154;368
833;724;531;154;469
807;655;320;154;433
798;1361;512;154;368
798;504;517;311;245
267;290;566;154;259
798;716;513;154;364
798;350;517;154;434
796;433;524;154;364
798;261;522;358;425
810;507;523;154;524
796;373;504;154;431
812;501;542;359;275
798;676;523;277;470
796;501;538;609;368
796;481;523;609;721
796;430;524;212;738
798;515;523;154;366
798;586;521;186;377
826;1367;518;578;531
796;3505;524;174;469
798;544;663;615;368
796;617;523;224;171
796;1194;208;282;453
796;283;586;245;450
790;480;351;269;743
798;377;524;235;234
796;3334;525;525;478
796;424;499;244;740
798;379;524;118;708
796;446;119;210;897
798;243;507;259;427
795;2403;537;172;719
796;640;577;245;71
798;348;526;207;455
814;2319;526;199;714
798;1141;620;232;375
796;658;524;197;714
812;667;521;191;161
798;660;523;195;275
821;666;624;238;431
812;395;621;128;159
807;656;507;160;187
352;658;214;165;154
796;372;521;775;253
806;365;539;434;112
821;656;600;138;154
800;656;622;231;191
672;656;624;148;154
810;658;509;171;154
800;660;601;167;154
667;686;526;897;154
802;656;624;365;154
810;664;522;235;154
802;656;263;365;154
810;380;624;245;154
810;656;377;107;154
810;272;510;104;154
672;355;598;106;154
826;664;521;104;154
802;760;475;130;128
805;664;557;86;154
488;664;515;376;154
283;664;566;199;154
802;657;505;85;154
805;670;599;75;154
614;664;242;139;154
802;630;515;124;75
805;683;504;139;76
802;1117;622;121;734
725;664;567;729;100
798;130;567;68;381
798;352;624;197;378
806;658;624;111;877
798;638;624;99;136
656;132;604;90;111
257;662;536;504;60
656;228;626;85;374
802;174;324;136;382
760;286;521;181;382
342;614;460;320;233
660;662;508;;185
656;575;566;;114
656;656;594;;124
335;672;593;;124
158;667;567;;210
686;681;626;;116
656;672;521;;240
656;725;566;;80
805;345;232;;105
703;276;553;;190
728;305;637;;160
225;359;558;;59
575;286;566;;107
656;674;566;;86
656;665;598;;92
674;637;598;;236
263;681;505;;578
677;703;566;;85
816;242;624;;65
681;140;551;;58
200;535;571;;186
829;154;537;;609
830;232;109;;609
657;324;627;;105
670;203;555;;195
243;258;533;;118
664;290;512;;106
664;320;555;;48
664;682;533;;60
683;136;628;;615
318;663;533;;525
143;612;512;;75
662;613;626;;37
658;208;592;;47
355;304;627;;41
433;612;627;;40
658;435;181;;138
492;824;627;;33
433;264;379;;588
658;612;474;;545
682;613;501;;55
539;592;501;;53
477;206;514;;35
1152;612;511;;86
664;119;558;;139
1330;638;395;;320
1385;612;200;;
243;612;568;;
1364;642;183;;
1368;612;599;;
1369;638;514;;
1374;610;514;;
643;638;618;;
664;638;753;;
1366;612;526;;
1304;185;452;;
1366;612;1194;;
1361;610;457;;
1304;612;297;;
168;611;444;;
1295;109;258;;
133;612;1111;;
1841;612;1118;;
1361;612;372;;
1957;613;437;;
1353;612;504;;
1188;612;219;;
799;610;655;;
1279;612;306;;
1369;617;515;;
146;618;515;;
1371;613;185;;
535;613;161;;
664;613;486;;
1378;623;115;;
1392;753;3505;;
538;613;433;;
1339;224;505;;
1378;621;105;;
666;621;162;;
430;214;156;;
615;181;505;;
135;622;224;;
340;219;449;;
539;622;184;;
1260;351;481;;
1372;457;667;;
1392;624;672;;
1392;272;305;;
214;263;391;;
116;115;290;;
1383;306;352;;
1377;297;724;;
1380;200;760;;
726;162;158;;
261;624;660;;
325;624;203;;
1367;161;725;;
359;628;323;;
272;183;94;;
446;627;480;;
380;627;2319;;
109;627;143;;
203;622;1117;;
676;601;658;;
355;121;667;;
290;624;297;;
424;624;1141;;
203;624;2403;;
132;297;3334;;
163;626;515;;
716;627;672;;
143;624;575;;
228;626;544;;
365;626;133;;
153;624;617;;
345;391;186;;
118;323;135;;
154;184;640;;
199;105;524;;
136;158;215;;
186;143;79;;
189;94;101;;
215;170;203;;
590;168;163;;
590;189;703;;
146;156;674;;
119;133;681;;
161;159;662;;
711;114;141;;
179;76;76;;
272;1114;109;;
91;215;177;;
109;258;168;;
130;203;638;;
324;135;92;;
140;141;114;;
159;137;1114;;
162;177;682;;
174;711;614;;
704;143;726;;
181;92;186;;
320;171;116;;
130;163;111;;
1165;116;75;;
179;704;535;;
115;109;146;;
103;179;146;;
258;270;258;;
753;726;159;;
141;186;270;;
120;524;179;;
94;1165;1241;;
132;75;704;;
92;186;1165;;
116;179;199;;
94;166;590;;
219;111;590;;
1241;167;179;;
105;146;116;;
112;118;118;;
64;146;47;;
114;590;153;;
100;116;711;;
76;590;89;;
100;107;112;;
113;112;112;;
113;89;91;;
105;153;664;;
524;112;143;;
111;152;40;;
89;143;142;;
;1241;137;;
;57;170;;
;91;132;;
;80;57;;
;142;152;;
;64;681;;
;136;824;;
;41;519;;
;47;146;;
;46;665;;
;40;64;;
;519;292;;
;859;120;;
;;859;;
;;94;;
;;71;;
;;189;;
;;46;;